{"cameraMode":{"drawMode":0,"name":"Shaded","section":"Shading Mode"},"sceneLighting":true,"audioPlay":false,"sceneViewState":{"showFog":true,"showMaterialUpdate":false,"showSkybox":true,"showFlares":true,"showImageEffects":true,"showParticleSystems":true},"in2DMode":false,"pivot":{"x":463.49420166015627,"y":142.4803466796875,"z":22.00146484375},"rotation":{"x":-0.07073613256216049,"y":-0.023301785811781884,"z":0.0016538586933165789,"w":-0.9972215294837952},"size":3645.6884765625,"orthographic":false}