{"cameraMode":{"drawMode":0,"name":"Shaded","section":"Shading Mode"},"sceneLighting":false,"audioPlay":false,"sceneViewState":{"showFog":true,"showMaterialUpdate":false,"showSkybox":false,"showFlares":true,"showImageEffects":true,"showParticleSystems":true},"in2DMode":false,"pivot":{"x":2.0408308506011965,"y":-1.9760606288909913,"z":2.452219009399414},"rotation":{"x":-0.07928288727998734,"y":-0.10532616078853607,"z":0.008425620384514332,"w":-0.9912364482879639},"size":28.304336547851564,"orthographic":false}