{"cameraMode":{"drawMode":0,"name":"Shaded","section":"Shading Mode"},"sceneLighting":false,"audioPlay":false,"sceneViewState":{"showFog":true,"showMaterialUpdate":false,"showSkybox":false,"showFlares":true,"showImageEffects":true,"showParticleSystems":true},"in2DMode":false,"pivot":{"x":366.5473327636719,"y":943.411376953125,"z":-10.425163269042969},"rotation":{"x":-0.06177137792110443,"y":-0.0098414346575737,"z":0.0006103223422542214,"w":-0.9980416297912598},"size":80.65553283691406,"orthographic":false}